[
   {
      "pk": 1, 
      "model": "testapp.author", 
      "fields": {
         "first_name": "Dante", 
         "last_name": "Alighieri", 
         "wp_url": "http://en.wikipedia.org/wiki/Dante_alighieri", 
         "born": "1265-05-14", 
         "nationality": null, 
         "biography": null, 
         "genres": null
      }
   }, 
   {
      "pk": 2, 
      "model": "testapp.author", 
      "fields": {
         "first_name": "Giacomo", 
         "last_name": "Leopardi", 
         "wp_url": "http://en.wikipedia.org/wiki/Giacomo_Leopardi", 
         "born": "1798-06-29", 
         "nationality": null, 
         "biography": null, 
         "genres": null
      }
   }, 
   {
      "pk": 3, 
      "model": "testapp.author", 
      "fields": {
         "first_name": "Alessandro", 
         "last_name": "Manzoni", 
         "wp_url": "http://en.wikipedia.org/wiki/Alessandro_Manzoni", 
         "born": "1785-03-07", 
         "nationality": null, 
         "biography": null, 
         "genres": null
      }
   }, 
   {
      "pk": 4, 
      "model": "testapp.author", 
      "fields": {
         "first_name": "Rudyard", 
         "last_name": "Kipling", 
         "wp_url": "http://en.wikipedia.org/wiki/Rudyard_Kipling", 
         "born": "1865-12-30", 
         "nationality": null, 
         "biography": null, 
         "genres": null
      }
   }, 
   {
      "pk": 5, 
      "model": "testapp.author", 
      "fields": {
         "first_name": "Giovanni", 
         "last_name": "Verga", 
         "wp_url": "http://en.wikipedia.org/wiki/Giovanni_Verga", 
         "born": "1940-09-02", 
         "nationality": null, 
         "biography": null, 
         "genres": null
      }
   }, 
   {
      "pk": 6, 
      "model": "testapp.author", 
      "fields": {
         "first_name": "Giovanni", 
         "last_name": "Boccaccio", 
         "wp_url": "", 
         "born": null, 
         "nationality": null, 
         "biography": null, 
         "genres": null
      }
   }, 
   {
      "pk": 7, 
      "model": "testapp.author", 
      "fields": {
         "first_name": "Francesco", 
         "last_name": "Petrarca", 
         "wp_url": "http://it.wikipedia.org/wiki/Francesco_Petrarca", 
         "born": "1304-07-20", 
         "nationality": null, 
         "biography": null, 
         "genres": null
      }
   }, 
   {
      "pk": 8, 
      "model": "testapp.author", 
      "fields": {
         "first_name": "Niccol\u00f2", 
         "last_name": "Machiavelli", 
         "wp_url": "", 
         "born": "1469-05-03", 
         "nationality": null, 
         "biography": null, 
         "genres": null
      }
   }, 
   {
      "pk": 9, 
      "model": "testapp.author", 
      "fields": {
         "first_name": "Torquato", 
         "last_name": "Tasso", 
         "wp_url": "", 
         "born": "1544-03-11", 
         "nationality": null, 
         "biography": null, 
         "genres": null
      }
   }, 
   {
      "pk": 10, 
      "model": "testapp.author", 
      "fields": {
         "first_name": "Tommaso", 
         "last_name": "Campanella", 
         "wp_url": "", 
         "born": "1568-09-05", 
         "nationality": null, 
         "biography": null, 
         "genres": null
      }
   }, 
   {
      "pk": 1, 
      "model": "testapp.book", 
      "fields": {
         "title": "Divina Commedia", 
         "abstract": "", 
         "author": 1, 
         "slug": "", 
         "year": 1300, 
         "order": 0
      }
   }, 
   {
      "pk": 2, 
      "model": "testapp.book", 
      "fields": {
         "title": "Vita Nova", 
         "abstract": "", 
         "author": 1, 
         "slug": "", 
         "year": 1293, 
         "order": 0
      }
   }, 
   {
      "pk": 3, 
      "model": "testapp.book", 
      "fields": {
         "title": "Rime", 
         "abstract": "", 
         "author": 1, 
         "slug": null, 
         "year": null, 
         "order": 0
      }
   }, 
   {
      "pk": 4, 
      "model": "testapp.book", 
      "fields": {
         "title": "Convivio", 
         "abstract": "", 
         "author": 1, 
         "slug": "", 
         "year": 1307, 
         "order": 0
      }
   }, 
   {
      "pk": 5, 
      "model": "testapp.book", 
      "fields": {
         "title": "De vulgari eloquentia", 
         "abstract": "", 
         "author": 1, 
         "slug": "", 
         "year": 1304, 
         "order": 0
      }
   }, 
   {
      "pk": 6, 
      "model": "testapp.book", 
      "fields": {
         "title": "Canzoni", 
         "abstract": "", 
         "author": 2, 
         "slug": "", 
         "year": 1820, 
         "order": 0
      }
   }, 
   {
      "pk": 7, 
      "model": "testapp.book", 
      "fields": {
         "title": "Versi", 
         "abstract": "", 
         "author": 2, 
         "slug": "", 
         "year": 1826, 
         "order": 0
      }
   }, 
   {
      "pk": 8, 
      "model": "testapp.book", 
      "fields": {
         "title": "Canti", 
         "abstract": "", 
         "author": 2, 
         "slug": "", 
         "year": 1831, 
         "order": 0
      }
   }, 
   {
      "pk": 9, 
      "model": "testapp.book", 
      "fields": {
         "title": "I promessi sposi", 
         "abstract": "", 
         "author": 3, 
         "slug": "", 
         "year": 1825, 
         "order": 0
      }
   }, 
   {
      "pk": 10, 
      "model": "testapp.book", 
      "fields": {
         "title": "Adelchi", 
         "abstract": "", 
         "author": 3, 
         "slug": "", 
         "year": 1822, 
         "order": 0
      }
   }, 
   {
      "pk": 11, 
      "model": "testapp.book", 
      "fields": {
         "title": "Inni Sacri", 
         "abstract": "", 
         "author": 3, 
         "slug": "", 
         "year": 1812, 
         "order": 0
      }
   }, 
   {
      "pk": 12, 
      "model": "testapp.book", 
      "fields": {
         "title": "The Jungle Book", 
         "abstract": "", 
         "author": 4, 
         "slug": "", 
         "year": 1894, 
         "order": 0
      }
   }, 
   {
      "pk": 13, 
      "model": "testapp.book", 
      "fields": {
         "title": "Kim", 
         "abstract": "", 
         "author": 4, 
         "slug": "", 
         "year": 1901, 
         "order": 0
      }
   }, 
   {
      "pk": 14, 
      "model": "testapp.book", 
      "fields": {
         "title": "Captains Courageous", 
         "abstract": "", 
         "author": 4, 
         "slug": "", 
         "year": 1897, 
         "order": 0
      }
   }, 
   {
      "pk": 15, 
      "model": "testapp.book", 
      "fields": {
         "title": "I Malavoglia", 
         "abstract": "", 
         "author": 5, 
         "slug": null, 
         "year": 1881, 
         "order": 0
      }
   }, 
   {
      "pk": 16, 
      "model": "testapp.book", 
      "fields": {
         "title": "Storia di una capinera", 
         "abstract": "", 
         "author": 5, 
         "slug": null, 
         "year": 1871, 
         "order": 0
      }
   }, 
   {
      "pk": 17, 
      "model": "testapp.book", 
      "fields": {
         "title": "Mastro Don Gesualdo", 
         "abstract": "", 
         "author": 5, 
         "slug": null, 
         "year": 1889, 
         "order": 0
      }
   }, 
   {
      "pk": 18, 
      "model": "testapp.book", 
      "fields": {
         "title": "Decameron ", 
         "abstract": "", 
         "author": 6, 
         "slug": "", 
         "year": 1348, 
         "order": 0
      }
   }, 
   {
      "pk": 19, 
      "model": "testapp.book", 
      "fields": {
         "title": "L'asino d'oro", 
         "abstract": "", 
         "author": 8, 
         "slug": "", 
         "year": 1517, 
         "order": 0
      }
   }, 
   {
      "pk": 20, 
      "model": "testapp.book", 
      "fields": {
         "title": "Gerusalemme liberata", 
         "abstract": "", 
         "author": 9, 
         "slug": "", 
         "year": 1559, 
         "order": 0
      }
   }, 
   {
      "pk": 21, 
      "model": "testapp.book", 
      "fields": {
         "title": "Re Torrismondo", 
         "abstract": "", 
         "author": 9, 
         "slug": "", 
         "year": 1573, 
         "order": 0
      }
   }, 
   {
      "pk": 22, 
      "model": "testapp.book", 
      "fields": {
         "title": "Philosophia sensibus demonstrata", 
         "abstract": "", 
         "author": 10, 
         "slug": null, 
         "year": 1560, 
         "order": 0
      }
   }, 
   {
      "pk": 23, 
      "model": "testapp.book", 
      "fields": {
         "title": "De sensu rerum et magia", 
         "abstract": "", 
         "author": 10, 
         "slug": null, 
         "year": 1590, 
         "order": 0
      }
   }, 
   {
      "pk": 1, 
      "model": "testapp.article", 
      "fields": {
         "abstract": "", 
         "title": "L\u2019epistola a Cangrande", 
         "author": 1
      }
   }, 
   {
      "pk": 2, 
      "model": "testapp.article", 
      "fields": {
         "abstract": "", 
         "title": "De vulgari eloquentia", 
         "author": 1
      }
   }, 
   {
      "pk": 3, 
      "model": "testapp.article", 
      "fields": {
         "abstract": "", 
         "title": "Lettera al figlio", 
         "author": 4
      }
   }, 
   {
      "pk": 1, 
      "model": "testapp.allfields", 
      "fields": {
         "pinteger_field": 100, 
         "email_field": "xadmin@xadmin.org", 
         "sinteger_field": 100, 
         "ip_field": "192.168.10.1", 
         "datetime_field": "2009-10-06 16:14:43", 
         "image_field": "", 
         "url_field": "http://code.google.com/p/django-xadmin", 
         "integer_field": 100, 
         "psinteger_field": 100, 
         "text_field": "Lorem ipsum dolor sit amet, consectetuer adipiscing elit. Donec sollicitudin libero id elit. Sed euismod nonummy neque. Nam dignissim urna vel urna. Nunc aliquet. Nunc vel dui mattis magna varius condimentum. Etiam lacus enim, aliquam ultricies, luctus ut, placerat id, lectus. Vestibulum laoreet commodo tortor. Nunc eget urna. Suspendisse ac orci. Vivamus quis tortor facilisis velit interdum blandit. Mauris euismod convallis diam. Quisque turpis metus, aliquam sed, euismod sit amet, mollis a, ligula. Maecenas ultricies turpis vitae augue. Suspendisse potenti. Etiam hendrerit cursus eros.", 
         "m2m_field": [
            5
         ], 
         "float_field": 1.2, 
         "time_field": "16:16:06", 
         "char_field": "charfield", 
         "boolean_field": true, 
         "file_field": "", 
         "decimal_field": "1.1", 
         "date_field": "2009-10-06", 
         "fk_field": 5, 
         "slug_field": "slug1", 
         "nboolean_field": null, 
         "o2o_field": null
      }
   }, 
   {
      "pk": 2, 
      "model": "testapp.allfields", 
      "fields": {
         "pinteger_field": 100, 
         "email_field": "xadmin@xadmin.org", 
         "sinteger_field": 100, 
         "ip_field": "192.168.10.1", 
         "datetime_field": "2009-10-06 16:14:43", 
         "image_field": "", 
         "url_field": "http://code.google.com/p/django-xadmin", 
         "integer_field": 100, 
         "psinteger_field": 100, 
         "text_field": "Lorem ipsum dolor sit amet, consectetuer adipiscing elit. Donec sollicitudin libero id elit. Sed euismod nonummy neque. Nam dignissim urna vel urna. Nunc aliquet. Nunc vel dui mattis magna varius condimentum. Etiam lacus enim, aliquam ultricies, luctus ut, placerat id, lectus. Vestibulum laoreet commodo tortor. Nunc eget urna. Suspendisse ac orci. Vivamus quis tortor facilisis velit interdum blandit. Mauris euismod convallis diam. Quisque turpis metus, aliquam sed, euismod sit amet, mollis a, ligula. Maecenas ultricies turpis vitae augue. Suspendisse potenti. Etiam hendrerit cursus eros.", 
         "m2m_field": [
            5
         ], 
         "float_field": 1.2, 
         "time_field": "16:16:06", 
         "char_field": "charfield", 
         "boolean_field": true, 
         "file_field": "", 
         "decimal_field": "1.1", 
         "date_field": "2009-10-06", 
         "fk_field": 5, 
         "slug_field": "slug2", 
         "nboolean_field": null, 
         "o2o_field": null
      }
   }, 
   {
      "pk": 3, 
      "model": "testapp.allfields", 
      "fields": {
         "pinteger_field": 100, 
         "email_field": "xadmin@xadmin.org", 
         "sinteger_field": 100, 
         "ip_field": "192.168.10.1", 
         "datetime_field": "2009-10-06 16:14:43", 
         "image_field": "", 
         "url_field": "http://code.google.com/p/django-xadmin", 
         "integer_field": 100, 
         "psinteger_field": 100, 
         "text_field": "Lorem ipsum dolor sit amet, consectetuer adipiscing elit. Donec sollicitudin libero id elit. Sed euismod nonummy neque. Nam dignissim urna vel urna. Nunc aliquet. Nunc vel dui mattis magna varius condimentum. Etiam lacus enim, aliquam ultricies, luctus ut, placerat id, lectus. Vestibulum laoreet commodo tortor. Nunc eget urna. Suspendisse ac orci. Vivamus quis tortor facilisis velit interdum blandit. Mauris euismod convallis diam. Quisque turpis metus, aliquam sed, euismod sit amet, mollis a, ligula. Maecenas ultricies turpis vitae augue. Suspendisse potenti. Etiam hendrerit cursus eros.", 
         "m2m_field": [
            5
         ], 
         "float_field": 1.2, 
         "time_field": "16:16:06", 
         "char_field": "charfield", 
         "boolean_field": true, 
         "file_field": "", 
         "decimal_field": "1.1", 
         "date_field": "2009-10-06", 
         "fk_field": 5, 
         "slug_field": "slug3", 
         "nboolean_field": null, 
         "o2o_field": null
      }
   }, 
   {
      "pk": 4, 
      "model": "testapp.allfields", 
      "fields": {
         "pinteger_field": 100, 
         "email_field": "xadmin@xadmin.org", 
         "sinteger_field": 100, 
         "ip_field": "192.168.10.1", 
         "datetime_field": "2009-10-06 16:14:43", 
         "image_field": "", 
         "url_field": "http://code.google.com/p/django-xadmin", 
         "integer_field": 100, 
         "psinteger_field": 100, 
         "text_field": "Lorem ipsum dolor sit amet, consectetuer adipiscing elit. Donec sollicitudin libero id elit. Sed euismod nonummy neque. Nam dignissim urna vel urna. Nunc aliquet. Nunc vel dui mattis magna varius condimentum. Etiam lacus enim, aliquam ultricies, luctus ut, placerat id, lectus. Vestibulum laoreet commodo tortor. Nunc eget urna. Suspendisse ac orci. Vivamus quis tortor facilisis velit interdum blandit. Mauris euismod convallis diam. Quisque turpis metus, aliquam sed, euismod sit amet, mollis a, ligula. Maecenas ultricies turpis vitae augue. Suspendisse potenti. Etiam hendrerit cursus eros.", 
         "m2m_field": [
            5
         ], 
         "float_field": 1.2, 
         "time_field": "16:16:06", 
         "char_field": "charfield", 
         "boolean_field": true, 
         "file_field": "", 
         "decimal_field": "1.1", 
         "date_field": "2009-10-06", 
         "fk_field": 5, 
         "slug_field": "slug4", 
         "nboolean_field": null, 
         "o2o_field": null
      }
   }, 
   {
      "pk": 5, 
      "model": "testapp.allfields", 
      "fields": {
         "pinteger_field": 100, 
         "email_field": "xadmin@xadmin.org", 
         "sinteger_field": 100, 
         "ip_field": "192.168.10.1", 
         "datetime_field": "2009-10-06 16:14:43", 
         "image_field": "", 
         "url_field": "http://code.google.com/p/django-xadmin", 
         "integer_field": 100, 
         "psinteger_field": 100, 
         "text_field": "Lorem ipsum dolor sit amet, consectetuer adipiscing elit. Donec sollicitudin libero id elit. Sed euismod nonummy neque. Nam dignissim urna vel urna. Nunc aliquet. Nunc vel dui mattis magna varius condimentum. Etiam lacus enim, aliquam ultricies, luctus ut, placerat id, lectus. Vestibulum laoreet commodo tortor. Nunc eget urna. Suspendisse ac orci. Vivamus quis tortor facilisis velit interdum blandit. Mauris euismod convallis diam. Quisque turpis metus, aliquam sed, euismod sit amet, mollis a, ligula. Maecenas ultricies turpis vitae augue. Suspendisse potenti. Etiam hendrerit cursus eros.", 
         "m2m_field": [
            5
         ], 
         "float_field": 1.2, 
         "time_field": "16:16:06", 
         "char_field": "charfield", 
         "boolean_field": true, 
         "file_field": "", 
         "decimal_field": "1.1", 
         "date_field": "2009-10-06", 
         "fk_field": 5, 
         "slug_field": "slug5", 
         "nboolean_field": null, 
         "o2o_field": 5
      }
   }, 
   {
      "pk": 5, 
      "model": "auth.user", 
      "fields": {
         "username": "xadmin", 
         "first_name": "", 
         "last_name": "", 
         "is_active": true, 
         "is_superuser": true, 
         "is_staff": true, 
         "last_login": "2009-10-21 06:10:06", 
         "groups": [], 
         "user_permissions": [], 
         "password": "sha1$b5798$632bcc92b428f74601fce46d9ffd0e8c0f24dee3", 
         "email": "", 
         "date_joined": "2009-10-06 03:58:17"
      }
   }, 
   {
      "pk": 6, 
      "model": "auth.user", 
      "fields": {
         "username": "user", 
         "first_name": "", 
         "last_name": "", 
         "is_active": true, 
         "is_superuser": false, 
         "is_staff": true, 
         "last_login": "2009-10-21 06:10:49", 
         "groups": [], 
         "user_permissions": [
            13, 
            14, 
            15, 
            4, 
            10, 
            1, 
            7, 
            5, 
            11, 
            2, 
            8, 
            6, 
            12, 
            3, 
            9, 
            16, 
            17, 
            18, 
            19, 
            20, 
            21, 
            22, 
            23, 
            24, 
            50, 
            47, 
            31, 
            41, 
            38, 
            44, 
            28, 
            53, 
            37, 
            34, 
            36, 
            35, 
            51, 
            48, 
            32, 
            42, 
            39, 
            45, 
            29, 
            52, 
            49, 
            33, 
            43, 
            40, 
            46, 
            30, 
            25, 
            26, 
            27
         ], 
         "password": "sha1$d5ec5$6ca0ffab70dbd47e9c616ffe8160ce0e1bc04f10", 
         "email": "", 
         "date_joined": "2009-10-21 06:09:08"
      }
   }, 
   {
      "pk": 1, 
      "model": "sites.site", 
      "fields": {
         "domain": "example.com", 
         "name": "example.com"
      }
   }
]
